cutoff,pt,xgb_static,proposed,treat_all
2,0.01,0.7073342116820378,0.7073342116820378,0.7073342116820378
2,0.02,0.7043478260869566,0.7043478260869566,0.7043478260869566
2,0.03,0.7013106230389959,0.701299865531152,0.701299865531152
2,0.04,0.6982028985507246,0.6981884057971014,0.6981884057971014
2,0.05,0.695066361556064,0.6950114416475972,0.6950114416475972
2,0.060000000000000005,0.6912710453283996,0.6917668825161887,0.6917668825161887
2,0.06999999999999999,0.6878279569892473,0.6884525479195885,0.6884525479195885
2,0.08,0.6844310018903592,0.6848090737240076,0.6850661625708885
2,0.09,0.6808944099378882,0.6814639273769709,0.6816053511705685
2,0.09999999999999999,0.6777584541062802,0.6780289855072464,0.6780676328502415
2,0.11,0.6749780166096727,0.6741807523204689,0.6744504152418173
2,0.12,0.6724268774703558,0.6709723320158103,0.6707509881422925
2,0.13,0.6692413793103449,0.6669585207396301,0.6669665167416292
2,0.14,0.6660141557128412,0.6636521739130434,0.6630940343781597
2,0.15000000000000002,0.6628542199488491,0.660317135549872,0.6591304347826087
2,0.16,0.6595610766045549,0.6568447204968945,0.6550724637681159
2,0.17,0.6560377160817182,0.6534646411733892,0.650916710319539
2,0.18000000000000002,0.6511049840933192,0.6507910922587486,0.6466595970307529
2,0.19,0.6479828234031133,0.6464755770263017,0.6422973698336018
2,0.2,0.6437391304347827,0.6437391304347826,0.6378260869565218
2,0.21000000000000002,0.6405327462850853,0.6406560264171711,0.633241607044579
2,0.22,0.6373065774804906,0.6374403567447046,0.6285395763656633
2,0.23,0.6339424054206663,0.6340914737436477,0.6237154150197628
2,0.24000000000000002,0.6293455377574371,0.6298581235697941,0.6187643020594966
2,0.25,0.6262028985507246,0.6266666666666667,0.6136811594202899
2,0.26,0.6230223266745005,0.6243478260869565,0.608460634547591
2,0.27,0.6172960095294818,0.6200071471113758,0.6030970815961882
2,0.28,0.6146280193236715,0.6159420289855072,0.5975845410628019
2,0.29000000000000004,0.6113753827311696,0.611385180649112,0.5919167176974893
2,0.3,0.6081490683229813,0.6078509316770186,0.5860869565217391
2,0.31,0.6043402646502836,0.6045217391304348,0.5800882167611846
2,0.32,0.5995294117647059,0.6011867007672634,0.5739130434782609
2,0.33,0.5960960415314731,0.597731343283582,0.5675535366645035
2,0.34,0.5924953886693017,0.5935704874835309,0.5610013175230566
2,0.35000000000000003,0.5881739130434782,0.5908494983277591,0.5542474916387959
2,0.36000000000000004,0.5862826086956522,0.5879565217391305,0.5472826086956522
2,0.37,0.582680469289165,0.5841821946169773,0.5400966183574879
2,0.38,0.5787040673211781,0.5775483870967741,0.5326788218793829
2,0.39,0.5762565930149679,0.5733143264433358,0.5250178189593727
2,0.4,0.5725217391304348,0.5700869565217391,0.5171014492753623
2,0.41000000000000003,0.5652704495210022,0.5668798820928519,0.5089167280766396
2,0.42000000000000004,0.558392803598201,0.561391304347826,0.5004497751124437
2,0.43,0.5537757437070938,0.5541662852784135,0.49168573607932875
2,0.44,0.5490931677018633,0.5483478260869565,0.4826086956521739
2,0.45,0.5455494071146245,0.5455177865612648,0.47320158102766796
2,0.46,0.5397359098228663,0.5409726247987118,0.46344605475040257
2,0.47000000000000003,0.532738310090238,0.5373913043478261,0.45332239540607056
2,0.48000000000000004,0.5277591973244147,0.5335384615384615,0.44280936454849495
2,0.49,0.521773231031543,0.5276521739130435,0.4318840579710145
2,0.5,0.5168695652173914,0.5213913043478261,0.4205217391304348
2,0.51,0.5116308784383319,0.5169405501330967,0.408695652173913
2,0.52,0.5046086956521739,0.5124927536231884,0.3963768115942029
2,0.53,0.49841258094357077,0.5051322849213691,0.38353376503237735
2,0.54,0.4917051039697542,0.4982684310018903,0.37013232514177685
2,0.55,0.48776811594202896,0.4949178743961353,0.35613526570048304
2,0.56,0.48271936758893286,0.49169960474308294,0.3415019762845849
2,0.5700000000000001,0.47980586450960566,0.4857755308392315,0.32618806875631945
2,0.5800000000000001,0.4751966873706004,0.4820207039337474,0.3101449275362318
2,0.59,0.4693870625662779,0.4780063626723224,0.2933191940615059
2,0.6,0.46765217391304353,0.47217391304347833,0.2756521739130435
2,0.61,0.4647402452619844,0.4707068004459309,0.25707915273132664
2,0.62,0.4588741418764303,0.4642196796338673,0.23752860411899313
2,0.63,0.455764982373678,0.459186839012926,0.2169212690951821
2,0.64,0.4497777777777777,0.4492367149758454,0.1951690821256038
2,0.65,0.4474534161490683,0.44168944099378876,0.1721739130434783
2,0.66,0.4430485933503836,0.43468030690537085,0.14782608695652166
2,0.67,0.4332542819499341,0.431262187088274,0.1220026350461132
2,0.68,0.4248260869565218,0.42117391304347823,0.09456521739130419
2,0.6900000000000001,0.41919775596072917,0.4194109396914445,0.06535764375876563
2,0.7000000000000001,0.4100869565217391,0.41426086956521735,0.03420289855072445
2,0.7100000000000001,0.4040899550224887,0.4056611694152923,0.0008995502248873022
2,0.72,0.39677018633540384,0.4004968944099379,-0.034782608695652084
2,0.73,0.39105958132045093,0.3954396135265701,-0.07310789049919486
2,0.74,0.38260869565217387,0.38458862876254174,-0.11438127090300998
2,0.75,0.3826086956521739,0.37391304347826093,-0.15895652173913044
2,0.76,0.37310144927536226,0.37020289855072464,-0.2072463768115942
2,0.77,0.3642192816635161,0.3653081285444234,-0.2597353497164462
2,0.78,0.3621501976284585,0.3596837944664031,-0.3169960474308303
2,0.79,0.35049275362318844,0.3539544513457557,-0.3797101449275365
2,0.8,0.3460869565217391,0.3495652173913043,-0.4486956521739135
2,0.81,0.33711670480549194,0.342370709382151,-0.5249427917620141
2,0.8200000000000001,0.32537198067632844,0.32873429951690813,-0.6096618357487927
2,0.8300000000000001,0.3147416879795396,0.32208695652173913,-0.7043478260869572
2,0.8400000000000001,0.3074782608695651,0.3053913043478261,-0.8108695652173924
2,0.85,0.30446376811594206,0.2912463768115942,-0.9315942028985505
2,0.86,0.2954037267080746,0.25719254658385093,-1.0695652173913044
2,0.87,0.28192642140468227,0.23448829431438126,-1.2287625418060202
2,0.88,0.272,0.21843478260869564,-1.4144927536231888
2,0.89,0.2643162055335968,0.19721739130434782,-1.6339920948616604
2,0.9,0.2389565217391304,0.19060869565217392,-1.8973913043478268
2,0.91,0.22639613526570043,0.1799806763285024,-2.2193236714975852
2,0.92,0.21947826086956518,0.17252173913043478,-2.6217391304347846
2,0.93,0.20551552795031047,0.1607453416149068,-3.139130434782611
2,0.9400000000000001,0.18840579710144914,0.1474782608695652,-3.8289855072463816
2,0.9500000000000001,0.19199999999999992,0.13113043478260866,-4.794782608695661
2,0.9600000000000001,0.18782608695652164,0.11408695652173909,-6.243478260869579
2,0.97,0.13820289855072468,0.09924637681159423,-8.657971014492745
2,0.98,0.09426086956521745,0.07826086956521741,-13.486956521739117
2,0.99,0.06956521739130436,0.0,-27.973913043478234
3,0.01,0.4146930171277997,0.41466842336407556,0.41466842336407556
3,0.02,0.4078793256433008,0.408695652173913,0.408695652173913
3,0.03,0.40206902734199906,0.4023594800537876,0.4025997310623039
3,0.04,0.3962898550724637,0.3964927536231884,0.3963768115942029
3,0.05,0.3919267734553776,0.3908100686498856,0.3900228832951945
3,0.060000000000000005,0.38759666975023127,0.38570212765957446,0.3835337650323774
3,0.06999999999999999,0.3833941093969145,0.3806227208976157,0.3769050958391772
3,0.08,0.3783894139886579,0.3754404536862004,0.37013232514177696
3,0.09,0.37411180124223603,0.3704653607262303,0.3632107023411371
3,0.09999999999999999,0.3715942028985507,0.36517874396135264,0.3561352657004831
3,0.11,0.3674255007327797,0.3601914997557401,0.34890083048363457
3,0.12,0.36335177865612645,0.3559209486166008,0.341501976284585
3,0.13,0.36006796601699154,0.3516681659170415,0.33393303348325837
3,0.14,0.35432962588473205,0.3479959555106168,0.3261880687563195
3,0.15000000000000002,0.3508542199488491,0.3449411764705882,0.3182608695652174
3,0.16,0.34625258799171843,0.3429730848861284,0.3101449275362319
3,0.17,0.3413766369827134,0.3386024096385542,0.30183342063907803
3,0.18000000000000002,0.3377900318133616,0.33420996818663834,0.2933191940615058
3,0.19,0.33226409017713365,0.33220826623725175,0.28459473966720344
3,0.2,0.32965217391304347,0.3277391304347826,0.2756521739130435
3,0.21000000000000002,0.32452173913043475,0.3255828288387452,0.2664832140891579
3,0.22,0.3220691192865106,0.3231215161649944,0.25707915273132664
3,0.23,0.3170954263128176,0.3213190287972897,0.24743083003952568
3,0.24000000000000002,0.3126407322654462,0.31632036613272313,0.23752860411899313
3,0.25,0.31002898550724634,0.31327536231884057,0.2273623188405797
3,0.26,0.30473325499412457,0.30892596944770856,0.21692126909518214
3,0.27,0.29961643835616436,0.30357117331745087,0.20619416319237638
3,0.28,0.2940676328502415,0.2995169082125604,0.19516908212560383
3,0.29000000000000004,0.289793018983466,0.29653888548683405,0.18383343539497854
3,0.3,0.2846211180124224,0.2914782608695652,0.17217391304347823
3,0.31,0.28040327662255826,0.28862003780718337,0.1601764335223692
3,0.32,0.2782813299232737,0.28478772378516626,0.14782608695652172
3,0.33,0.27476184295911743,0.28210253082414016,0.13510707332900707
3,0.34,0.2729802371541502,0.27794466403162055,0.12200263504611325
3,0.35000000000000003,0.269190635451505,0.2740334448160535,0.10849498327759188
3,0.36000000000000004,0.26869565217391306,0.27254347826086955,0.09456521739130425
3,0.37,0.2672574189095928,0.26762732919254656,0.08019323671497586
3,0.38,0.26202524544179523,0.2640336605890603,0.0653576437587658
3,0.39,0.2593813257305773,0.2596037063435495,0.05003563791874549
3,0.4,0.2575072463768116,0.2561159420289855,0.034202898550724614
3,0.41000000000000003,0.2534708916728077,0.25559911569638905,0.017833456153279248
3,0.42000000000000004,0.25126236881559216,0.2533013493253373,0.0008995502248874687
3,0.43,0.24831121281464535,0.2529488939740656,-0.016628527841342444
3,0.44,0.24648447204968948,0.2517267080745342,-0.034782608695652195
3,0.45,0.24398418972332014,0.2500553359683795,-0.05359683794466402
3,0.46,0.24228019323671496,0.24686634460547505,-0.07310789049919486
3,0.47000000000000003,0.2379064807219032,0.24538802296964723,-0.09335520918785889
3,0.48000000000000004,0.23646822742474916,0.23903678929765887,-0.11438127090301009
3,0.49,0.23455072463768117,0.2366308610400682,-0.13623188405797104
3,0.5,0.23165217391304346,0.2337391304347826,-0.15895652173913044
3,0.51,0.22747116237799467,0.23248979591836738,-0.18260869565217397
3,0.52,0.2241159420289855,0.23113043478260867,-0.2072463768115942
3,0.53,0.2249028677150786,0.22841073080481036,-0.2329324699352453
3,0.54,0.2260869565217391,0.22679773156899813,-0.2597353497164463
3,0.55,0.2233816425120773,0.22276328502415454,-0.2877294685990339
3,0.56,0.21767588932806325,0.22147035573122525,-0.3169960474308302
3,0.5700000000000001,0.21667138523761376,0.21844287158746206,-0.3476238624873611
3,0.5800000000000001,0.21258799171842646,0.21599999999999997,-0.3797101449275364
3,0.59,0.20894167550371157,0.2137857900318134,-0.41336161187698817
3,0.6,0.2026086956521739,0.21043478260869564,-0.44869565217391305
3,0.61,0.19985730211817165,0.20791973244147158,-0.4858416945373467
3,0.62,0.19664988558352406,0.20569336384439357,-0.5249427917620137
3,0.63,0.19765922444183315,0.20388249118683902,-0.5661574618096358
3,0.64,0.19628985507246377,0.20285990338164253,-0.6096618357487924
3,0.65,0.19527950310559006,0.2016894409937888,-0.6556521739130434
3,0.66,0.19236828644501278,0.19766751918158568,-0.7043478260869567
3,0.67,0.19203162055335968,0.19264295125164688,-0.7559947299077736
3,0.68,0.18795652173913044,0.18934782608695652,-0.8108695652173916
3,0.6900000000000001,0.1831136044880785,0.18708555399719495,-0.8692847124824687
3,0.7000000000000001,0.18342028985507244,0.184231884057971,-0.9315942028985511
3,0.7100000000000001,0.1808815592203898,0.1793583208395802,-0.9982008995502254
3,0.72,0.17848447204968945,0.1756024844720497,-1.0695652173913042
3,0.73,0.17754589371980675,0.17262479871175526,-1.1462157809983897
3,0.74,0.17693645484949833,0.17067558528428095,-1.22876254180602
3,0.75,0.17321739130434782,0.17008695652173914,-1.3179130434782609
3,0.76,0.17101449275362318,0.17002898550724638,-1.4144927536231884
3,0.77,0.1693610586011342,0.1683780718336484,-1.5194706994328924
3,0.78,0.16531225296442686,0.16442687747035573,-1.6339920948616606
3,0.79,0.16014906832298137,0.16062939958592132,-1.759420289855073
3,0.8,0.1631304347826087,0.15721739130434784,-1.897391304347827
3,0.81,0.16322196796338673,0.15245766590389015,-2.049885583524028
3,0.8200000000000001,0.1598454106280193,0.15107246376811595,-2.2193236714975857
3,0.8300000000000001,0.1567468030690537,0.1503222506393862,-2.4086956521739147
3,0.8400000000000001,0.1566086956521739,0.14669565217391303,-2.6217391304347846
3,0.85,0.15118840579710147,0.14260869565217393,-2.863188405797101
3,0.86,0.1444968944099379,0.13903105590062112,-3.139130434782609
3,0.87,0.13995986622073578,0.1411638795986622,-3.4575250836120404
3,0.88,0.13402898550724637,0.14028985507246375,-3.8289855072463777
3,0.89,0.13856126482213438,0.13479841897233202,-4.267984189723321
3,0.9,0.13391304347826086,0.12939130434782606,-4.7947826086956535
3,0.91,0.12776811594202897,0.12432850241545892,-5.4386473429951705
3,0.92,0.1203478260869565,0.12643478260869565,-6.243478260869569
3,0.93,0.11140372670807452,0.11796273291925465,-7.278260869565222
3,0.9400000000000001,0.10017391304347822,0.10608695652173912,-8.657971014492764
3,0.9500000000000001,0.0918260869565217,0.09565217391304345,-10.589565217391321
3,0.9600000000000001,0.07617391304347818,0.0963478260869565,-13.486956521739158
3,0.97,0.051594202898550774,0.08243478260869565,-18.31594202898549
3,0.98,0.07547826086956523,0.01634782608695652,-27.973913043478234
3,0.99,0.021565217391304375,0.0,-56.94782608695647
5,0.01,0.16422661396574442,0.16112428634167766,0.1606499780412824
5,0.02,0.1617036379769299,0.15847382431233364,0.1520851818988465
5,0.03,0.1592828328103989,0.15841147467503364,0.14334379202151504
5,0.04,0.15571014492753624,0.1565072463768116,0.13442028985507248
5,0.05,0.15308009153318078,0.15533180778032035,0.12530892448512587
5,0.060000000000000005,0.15097872340425533,0.1503422756706753,0.11600370027752083
5,0.06999999999999999,0.14742964001870035,0.1494866760168303,0.10649836372136515
5,0.08,0.14660113421550092,0.14820415879017013,0.09678638941398866
5,0.09,0.14469565217391303,0.14775728619206882,0.08686096512183471
5,0.09999999999999999,0.14264734299516907,0.14709178743961354,0.07671497584541065
5,0.11,0.14250317537860283,0.1450200293111871,0.06634098680996581
5,0.12,0.141897233201581,0.1429090909090909,0.05573122529644271
5,0.13,0.14165717141429285,0.14193303348325836,0.04487756121939031
5,0.14,0.14054600606673406,0.14128210313447928,0.033771486349848334
5,0.15000000000000002,0.1399693094629156,0.14035805626598466,0.02240409207161123
5,0.16,0.1390807453416149,0.13937888198757764,0.010766045548654235
5,0.17,0.1386401257202724,0.13860240963855422,-0.0011524358302776594
5,0.18000000000000002,0.13719618239660658,0.13795121951219513,-0.013361611876988339
5,0.19,0.13708212560386474,0.1375072463768116,-0.02587224906065483
5,0.2,0.1362608695652174,0.13643478260869565,-0.03869565217391302
5,0.21000000000000002,0.13645789763346175,0.1351326362135388,-0.05184369840396258
5,0.22,0.135670011148272,0.1341716833890747,-0.06532887402452617
5,0.23,0.13508300395256917,0.13361942405420668,-0.07916431394692261
5,0.24000000000000002,0.1337299771167048,0.13241189931350114,-0.09336384439359269
5,0.25,0.1327536231884058,0.13252173913043477,-0.1079420289855072
5,0.26,0.13248413631022327,0.13221151586368976,-0.12291421856639245
5,0.27,0.13164026206075047,0.13183085169743894,-0.13829660512209646
5,0.28,0.13114975845410629,0.13053140096618357,-0.1541062801932367
5,0.29000000000000004,0.13053766074709125,0.13009185548071034,-0.17036129822412738
5,0.3,0.12973913043478263,0.12924223602484472,-0.1870807453416149
5,0.31,0.1296080655324512,0.1278840579710145,-0.20428481411468175
5,0.32,0.12984143222506395,0.12701790281329922,-0.22199488491048597
5,0.33,0.12911096690460738,0.12613627514600909,-0.2402336145360156
5,0.34,0.12787351778656125,0.1258181818181818,-0.2590250329380765
5,0.35000000000000003,0.12682274247491637,0.12339799331103679,-0.2783946488294315
5,0.36000000000000004,0.1252391304347826,0.12308695652173912,-0.2983695652173914
5,0.37,0.1241407867494824,0.12299240855762596,-0.3189786059351276
5,0.38,0.12309677419354839,0.12236746143057503,-0.3402524544179522
5,0.39,0.12253741981468282,0.12220099786172488,-0.362223806129722
5,0.4,0.12208695652173912,0.12162318840579711,-0.3849275362318841
5,0.41000000000000003,0.12177450257921886,0.12057774502579219,-0.40840088430361093
5,0.42000000000000004,0.11983208395802099,0.12051574212893554,-0.43268365817091464
5,0.43,0.11857818459191458,0.11902974828375287,-0.45781845919145675
5,0.44,0.11759006211180124,0.11761490683229815,-0.4838509316770186
5,0.45,0.11598418972332017,0.11617391304347827,-0.5108300395256915
5,0.46,0.1147181964573269,0.11594202898550726,-0.5388083735909821
5,0.47000000000000003,0.1141394585726005,0.1147497949138638,-0.5678424938474158
5,0.48000000000000004,0.11355183946488295,0.11397993311036789,-0.5979933110367892
5,0.49,0.11225916453537937,0.11248422847399829,-0.6293265132139811
5,0.5,0.11200000000000002,0.11269565217391303,-0.6619130434782607
5,0.51,0.11143921916592725,0.1119148181011535,-0.6958296362023069
5,0.52,0.11052173913043477,0.11113043478260869,-0.731159420289855
5,0.53,0.11037927844588342,0.109950046253469,-0.7679925994449583
5,0.54,0.1091266540642722,0.10955009451795841,-0.8064272211720227
5,0.55,0.10724637681159419,0.10840579710144926,-0.8465700483091787
5,0.56,0.10713043478260868,0.10611857707509881,-0.8885375494071146
5,0.5700000000000001,0.10669362992922142,0.10540748230535894,-0.9324570273003034
5,0.5800000000000001,0.10593788819875775,0.1047287784679089,-0.9784679089026918
5,0.59,0.104016967126193,0.10343160127253448,-1.0267232237539765
5,0.6,0.10365217391304349,0.1022608695652174,-1.0773913043478258
5,0.61,0.10119063545150503,0.09880044593088072,-1.1306577480490523
5,0.62,0.1008512585812357,0.09907551487414187,-1.1867276887871852
5,0.63,0.09985428907168038,0.09731609870740306,-1.2458284371327848
5,0.64,0.09766183574879227,0.09445410628019324,-1.3082125603864734
5,0.65,0.09505590062111802,0.09485714285714285,-1.3741614906832296
5,0.66,0.09442455242966752,0.09501790281329922,-1.4439897698209718
5,0.67,0.09418708827404479,0.0942292490118577,-1.518050065876153
5,0.68,0.09221739130434783,0.09304347826086956,-1.5967391304347829
5,0.6900000000000001,0.09015427769985973,0.09151192145862552,-1.6805049088359048
5,0.7000000000000001,0.08857971014492752,0.09113043478260868,-1.7698550724637685
5,0.7100000000000001,0.08760419790104947,0.09031484257871064,-1.8653673163418298
5,0.72,0.08501863354037267,0.08879503105590063,-1.9677018633540364
5,0.73,0.08524315619967794,0.08761352657004831,-2.077616747181964
5,0.74,0.08321070234113713,0.08671571906354515,-2.1959866220735784
5,0.75,0.08417391304347827,0.08591304347826087,-2.3238260869565215
5,0.76,0.08173913043478259,0.08376811594202899,-2.46231884057971
5,0.77,0.08299432892249527,0.08231379962192817,-2.612854442344046
5,0.78,0.07905138339920947,0.08243478260869563,-2.7770750988142296
5,0.79,0.0789399585921325,0.07799585921325052,-2.9569358178053835
5,0.8,0.07652173913043478,0.07582608695652174,-3.154782608695653
5,0.81,0.07476430205949655,0.07329977116704804,-3.373455377574372
5,0.8200000000000001,0.07192270531400966,0.07022222222222221,-3.616425120772948
5,0.8300000000000001,0.07177493606138106,0.06686445012787721,-3.887979539641946
5,0.8400000000000001,0.0686086956521739,0.062086956521739116,-4.1934782608695675
5,0.85,0.07002898550724637,0.061913043478260876,-4.539710144927535
5,0.86,0.0635527950310559,0.058832298136645964,-4.935403726708073
5,0.87,0.059344481605351176,0.05752508361204013,-5.391973244147157
5,0.88,0.06226086956521739,0.054956521739130425,-5.924637681159421
5,0.89,0.058434782608695654,0.05375494071146245,-6.554150197628458
5,0.9,0.0528695652173913,0.04382608695652174,-7.309565217391306
5,0.91,0.050782608695652154,0.02604830917874396,-8.232850241545897
5,0.92,0.04556521739130432,0.005565217391304348,-9.386956521739135
5,0.93,0.03642236024844718,0.0,-10.870807453416157
5,0.9400000000000001,0.02968115942028983,0.0,-12.849275362318854
5,0.9500000000000001,0.026434782608695605,0.0,-15.61913043478263
5,0.9600000000000001,0.02504347826086952,0.0,-19.773913043478295
5,0.97,0.019246376811594225,0.0,-26.698550724637652
5,0.98,-0.005913043478260844,0.0,-40.54782608695648
5,0.99,0.008347826086956521,0.0,-82.09565217391295
