pathway,atlas_dir,atlas_stat,atlas_p,atlas_fdr,GSE16561_stroke_vs_control_t,GSE16561_stroke_vs_control_dir,GSE16561_stroke_vs_control_concordant,GSE22255_stroke_vs_control_t,GSE22255_stroke_vs_control_dir,GSE22255_stroke_vs_control_concordant,GSE58294_stroke_vs_control_3h_t,GSE58294_stroke_vs_control_3h_dir,GSE58294_stroke_vs_control_3h_concordant,GSE58294_stroke_vs_control_5h_t,GSE58294_stroke_vs_control_5h_dir,GSE58294_stroke_vs_control_5h_concordant,GSE58294_stroke_vs_control_24h_t,GSE58294_stroke_vs_control_24h_dir,GSE58294_stroke_vs_control_24h_concordant,GSE58294_24h_vs_3h_t,GSE58294_24h_vs_3h_dir,GSE58294_24h_vs_3h_concordant
GOBP:positive regulation of telomerase RNA localization to Cajal body (GO:1904874),up,5.890990191028343,1.3296991010891383e-06,0.0063784548604644,-2.3722829934773695,down,False,-0.8590778177455901,down,False,3.517941994249135,up,True,-0.5799492202865915,down,False,1.1550780504354397,up,True,-0.9361931682587095,down,False
GOBP:negative regulation of DNA recombination at telomere (GO:0048239),up,5.27941051912788,8.089353025319513e-06,0.0063784548604644,-2.123187087061116,down,False,-0.2705232317713358,down,False,1.076249876860445,up,True,-0.3297158545951085,down,False,0.6832555325200123,up,True,-0.2757176241230699,down,False
GOBP:mitotic nuclear membrane reassembly (GO:0007084),up,5.373220689203148,6.131383526464836e-06,0.0063784548604644,-1.5104153538352187,down,False,-2.198601264682839,down,False,0.9158837165115316,up,True,-0.7849329804212175,down,False,-2.6017269302116692,down,False,-1.9863009149997026,down,False
GOBP:regulation of DNA recombination at telomere (GO:0072695),up,5.27941051912788,8.089353025319513e-06,0.0063784548604644,-2.123187087061116,down,False,-0.2705232317713358,down,False,1.076249876860445,up,True,-0.3297158545951085,down,False,0.6832555325200123,up,True,-0.2757176241230699,down,False
GOBP:mitotic nuclear membrane organization (GO:0101024),up,5.373220689203148,6.131383526464836e-06,0.0063784548604644,-1.5104153538352187,down,False,-2.198601264682839,down,False,0.9158837165115316,up,True,-0.7849329804212175,down,False,-2.6017269302116692,down,False,-1.9863009149997026,down,False
GOBP:nuclear membrane reassembly (GO:0031468),up,5.375213301673266,6.095392664994484e-06,0.0063784548604644,-1.4517133550715653,down,False,-2.240356388663127,down,False,0.6393525059273649,up,True,-0.9042873733488443,down,False,-2.236248489920342,down,False,-1.7174162890708586,down,False
REAC:Inhibition of DNA recombination at telomere,up,5.27941051912788,8.089353025319513e-06,0.0063784548604644,-2.123187087061116,down,False,-0.2705232317713358,down,False,1.076249876860445,up,True,-0.3297158545951085,down,False,0.6832555325200123,up,True,-0.2757176241230699,down,False
GOBP:chondroitin sulfate metabolic process (GO:0030204),down,-5.566253388274785,3.4663749582024247e-06,0.0063784548604644,2.928302239395003,up,False,-0.9983204821673858,down,True,1.1518771159737506,up,False,0.12888622612382578,up,False,2.0069069176298737,up,False,0.41489187430309565,up,False
REAC:Recognition and association of DNA glycosylase with site containing an affected pyrimidine,up,5.11291427768894,1.3224104084922151e-05,0.006951470713974,-1.7222574368107295,down,False,0.7764080586489,up,True,1.5312914663874175,up,True,0.20303401100162935,up,True,0.11672885047580188,up,True,-0.8986722972406699,down,False
REAC:Cleavage of the damaged pyrimidine,up,5.11291427768894,1.3224104084922151e-05,0.006951470713974,-1.7222574368107295,down,False,0.7764080586489,up,True,1.5312914663874175,up,True,0.20303401100162935,up,True,0.11672885047580188,up,True,-0.8986722972406699,down,False
REAC:Depyrimidination,up,5.11291427768894,1.3224104084922151e-05,0.006951470713974,-1.7222574368107295,down,False,0.7764080586489,up,True,1.5312914663874175,up,True,0.20303401100162935,up,True,0.11672885047580188,up,True,-0.8986722972406699,down,False
GOBP:dopaminergic neuron differentiation (GO:0071542),down,-5.133499982211758,1.2444885260070446e-05,0.006951470713974,0.09210964230922827,up,False,1.7024480433780245,up,False,-1.6257609881244026,down,True,0.1794127979652904,up,False,1.3694440041535791,up,False,1.8180478665375042,up,False
GOBP:protein K63-linked ubiquitination (GO:0070534),down,-5.0105869907356455,1.7880520365135914e-05,0.0086761786510213,-2.532316708703436,down,True,1.5384557543003488,up,False,0.9275467246927849,up,False,2.766741352936887,up,False,-0.38843571776748326,down,True,-0.8043646114186657,down,True
GOBP:nucleic acid-templated transcription (GO:0097659),up,4.933480737775659,2.24377350619528e-05,0.0101098023407713,-2.0367037854531578,down,False,0.5065202223838824,up,True,2.8555954594367794,up,True,-0.30650544689823495,down,False,-0.15667127695817118,down,False,-2.461866531788632,down,False
REAC:Metabolism,up,4.80528008196408,3.270496508501338e-05,0.0137535279837509,-1.3654057361217213,down,False,-1.8766000200056137,down,False,4.632750280887068,up,True,0.33732088376524083,up,True,1.7855450368653698,up,True,-1.7088948150904568,down,False
REAC:RUNX1 regulates transcription of genes involved in WNT signaling,up,4.73834917374809,3.9798316698819656e-05,0.0156904863585096,1.8888659145915994,up,True,2.0383384260106006,up,True,-1.7423164815675074,down,False,-1.679396850480613,down,False,-1.6736331949898835,down,False,0.052536053799265806,up,True
"GOBP:DNA catabolic process, endonucleolytic (GO:0000737)",down,-4.687583819846585,4.617750928148266e-05,0.0161280601563897,-0.9978221261371482,down,True,-1.9711161602935068,down,True,0.06730179123701686,up,False,1.9191066624184128,up,False,-0.5611877178371424,down,True,-0.34447699104646545,down,True
GOBP:cellular response to nitrogen starvation (GO:0006995),down,-4.670259645540883,4.857849444695708e-05,0.0161280601563897,2.078510845343023,up,False,0.41338227131428223,up,False,0.5347807978325058,up,False,0.6655049891513722,up,False,-0.7727130672470022,down,True,-0.9830618613234178,down,True
GOBP:cellular response to nitrogen levels (GO:0043562),down,-4.670259645540883,4.857849444695708e-05,0.0161280601563897,2.078510845343023,up,False,0.41338227131428223,up,False,0.5347807978325058,up,False,0.6655049891513722,up,False,-0.7727130672470022,down,True,-0.9830618613234178,down,True
GOBP:histone H3-K4 methylation (GO:0051568),up,4.637907938527581,5.339786422288918e-05,0.0168416863758992,-1.4799831960208467,down,False,-1.9783066116033206,down,False,-1.9729634680478205,down,False,0.08194165970704138,up,True,0.5792334838525909,up,True,1.5392848748225603,up,True
REAC:Telomere C-strand synthesis initiation,up,4.584283720117572,6.244933654492757e-05,0.0179059279511546,-1.660372100262051,down,False,0.35913707815244794,up,True,0.7787246899617473,up,True,0.7531727452880782,up,True,-1.9227500140894949,down,False,-1.7711484834986397,down,False
REAC:Regulation of NFE2L2 gene expression,up,4.595870823684096,6.037305367961337e-05,0.0179059279511546,2.055889149217419,up,True,0.24132803604193692,up,True,-1.8902504210725566,down,False,-0.04501798663550541,down,False,0.4663616493999182,up,True,1.9411524092296075,up,True
GOBP:positive regulation of protein import (GO:1904591),up,4.524348124011028,7.436987144546046e-05,0.0195468812115818,-1.3374616286957177,down,False,-0.9563780264033211,down,False,-1.620643564593111,down,False,-3.3176442819414627,down,False,-0.4544410381413598,down,False,0.7915149955275874,up,True
REAC:Mitochondrial RNA degradation,down,-4.5316404431142,7.280719311864356e-05,0.0195468812115818,-2.388499472956569,down,True,-2.192043944238353,down,True,0.9744702630758796,up,False,-2.4328972096171024,down,True,0.3472748067315467,up,False,-0.4230183032569793,down,True
REAC:SUMOylation of SUMOylation proteins,up,4.504584731968532,7.877353672196833e-05,0.019876138785687,-1.6419978952242695,down,False,-0.7816803763698014,down,False,-0.35158931224745993,down,False,-1.3473804007519135,down,False,-1.0941511413559468,down,False,-0.36758519038910353,down,False
GOBP:positive regulation of protein import into nucleus (GO:0042307),up,4.417013976306695,0.0001015924630337,0.024647894492959,-1.3828371207799777,down,False,-2.086193415249482,down,False,-1.851877345704723,down,False,-3.5318049047859934,down,False,0.03743621113838601,up,True,1.3532572527484175,up,True
"GOBP:nuclear-transcribed mRNA catabolic process, exonucleolytic (GO:0000291)",down,-4.366740819221789,0.0001175208314531,0.0247107134935559,-2.401343020971251,down,True,-1.616988321114063,down,True,-0.39963131872083923,down,True,-3.7455406265067555,down,True,-1.217872645493996,down,True,-0.5793166102564608,down,True
"GOBP:mitochondrial electron transport, ubiquinol to cytochrome c (GO:0006122)",down,-4.390369198326389,0.0001097494030273,0.0247107134935559,-2.169420125879097,down,True,-1.0519531107463822,down,True,0.4575957042880088,up,False,-3.217910357342615,down,True,0.49151448701124545,up,False,0.09042712011574167,up,False
"REAC:Base-Excision Repair, AP Site Formation",up,4.374538921295064,0.0001148978781495,0.0247107134935559,-2.063754540002308,down,False,0.6916788794274937,up,True,1.564660677803404,up,True,0.2939718260231429,up,True,0.32328417089284095,up,True,-0.8449700962114118,down,False
REAC:Removal of the Flap Intermediate from the C-strand,up,4.383664626989291,0.0001119015643852,0.0247107134935559,-1.7561074951773576,down,False,0.39777426290196866,up,True,0.8479247880720036,up,True,-0.5101387519721099,down,False,-1.2320839024437131,down,False,-1.508448167118507,down,False
GOBP:positive regulation of circadian rhythm (GO:0042753),down,-4.346088627531251,0.0001247557339205,0.0253857796635651,-0.5227451390702034,down,True,-0.4650512578100935,down,True,0.7717945943248833,up,False,-1.2680456890891643,down,True,-0.04850543828598927,down,True,-0.6096785619858239,down,True
GOBP:microvillus assembly (GO:0030033),up,4.297862076091614,0.0001434023135626,0.0258451941129491,-0.9626730806182692,down,False,-0.3366282379935541,down,False,-0.03629300150487832,down,False,-1.2148014614700828,down,False,-0.7677352646391136,down,False,-0.5235699609586811,down,False
KEGG:Acute myeloid leukemia,up,4.32320621119505,0.0001332848184934,0.0258451941129491,2.6993805207082007,up,True,0.2482868551276845,up,True,-1.862604736280962,down,False,2.082297554820138,up,True,0.7043523037629594,up,True,1.809963400878938,up,True
"GOBP:nuclear-transcribed mRNA catabolic process, deadenylation-dependent decay (GO:0000288)",down,-4.315965056671016,0.0001361015571072,0.0258451941129491,-2.3625296102196884,down,True,-0.5147289514465226,down,True,-0.5304614101995907,down,True,-1.105705119070567,down,True,0.23280329654843684,up,False,0.4794819139963679,up,False
REAC:Processive synthesis on the C-strand of the telomere,up,4.302603347987279,0.0001414537733604,0.0258451941129491,-1.6509057812040269,down,False,0.25484345367996103,up,True,0.7173410985231172,up,True,-0.44932803408195676,down,False,-1.0485722135976463,down,False,-1.2523793963408993,down,False
REAC:Regulation of HSF1-mediated heat shock response,up,4.20295029710018,0.0001884576173306,0.0330219625033872,-1.11479917676229,down,False,-0.012787457178237916,down,False,0.1891687925922237,up,True,-2.195172079212533,down,False,0.5612596992188309,up,True,0.3123465307463756,up,True
REAC:HIV Transcription Initiation,up,4.102676417370478,0.0002511576380184,0.033530411355792,-1.9479868599803623,down,False,-1.2192667762618983,down,False,-0.14848638883261364,down,False,-3.1271030724412383,down,False,-0.7304018033011598,down,False,-0.35602584589851194,down,False
GOBP:protein export from nucleus (GO:0006611),up,4.097159917892812,0.0002551458061315,0.033530411355792,-0.3606233308974297,down,False,0.6279263779565198,up,True,-0.36502276500146735,down,False,-0.7854981004482554,down,False,-1.4784684687580198,down,False,-0.7496935909219177,down,False
REAC:Neddylation,down,-4.1198086286225495,0.0002391574082678,0.033530411355792,-1.1654283195183421,down,True,-1.4190954724429705,down,True,0.1883651474614423,up,False,-1.2350250708504966,down,True,0.24159988988596057,up,False,0.03946948857138844,up,False
REAC:RNA Polymerase II Pre-transcription Events,up,4.18595402988506,0.0001978804504254,0.033530411355792,-1.4519485418239768,down,False,-1.8220335516271393,down,False,-1.4069577623441378,down,False,-3.109382417520377,down,False,-1.4650306859981768,down,False,-0.010177408421824108,down,False
GOBP:positive regulation of neural precursor cell proliferation (GO:2000179),down,-4.09730468306237,0.0002550403592138,0.033530411355792,0.6119106878204512,up,False,0.5561508010065971,up,False,-0.9625167548582775,down,True,-0.9237340656152876,down,True,0.2623396605185101,up,False,0.6093266441856517,up,False
REAC:RNA Polymerase II Transcription Initiation,up,4.102676417370478,0.0002511576380184,0.033530411355792,-1.9479868599803623,down,False,-1.2192667762618983,down,False,-0.14848638883261364,down,False,-3.1271030724412383,down,False,-0.7304018033011598,down,False,-0.35602584589851194,down,False
REAC:RNA Polymerase II Transcription Initiation And Promoter Clearance,up,4.102676417370478,0.0002511576380184,0.033530411355792,-1.9479868599803623,down,False,-1.2192667762618983,down,False,-0.14848638883261364,down,False,-3.1271030724412383,down,False,-0.7304018033011598,down,False,-0.35602584589851194,down,False
REAC:RNA Polymerase II Transcription Pre-Initiation And Promoter Opening,up,4.102676417370478,0.0002511576380184,0.033530411355792,-1.9479868599803623,down,False,-1.2192667762618983,down,False,-0.14848638883261364,down,False,-3.1271030724412383,down,False,-0.7304018033011598,down,False,-0.35602584589851194,down,False
REAC:rRNA modification in the mitochondrion,up,4.105867418422225,0.0002488786529929,0.033530411355792,-3.3736311142895277,down,False,-2.3050219379399923,down,False,0.5630907862352724,up,True,-4.109708760644111,down,False,-0.9579440877113679,down,False,-1.1320327302058495,down,False
GOBP:reticulophagy (GO:0061709),down,-4.109915841266674,0.0002460164553483,0.033530411355792,0.06804818228877015,up,False,-0.31982416715796674,down,True,-0.18422780451627935,down,True,-1.867485942708983,down,True,1.5486801907266639,up,False,1.0696712644860369,up,False
REAC:RNA Polymerase II Promoter Escape,up,4.102676417370478,0.0002511576380184,0.033530411355792,-1.9479868599803623,down,False,-1.2192667762618983,down,False,-0.14848638883261364,down,False,-3.1271030724412383,down,False,-0.7304018033011598,down,False,-0.35602584589851194,down,False
REAC:RNA Polymerase II HIV Promoter Escape,up,4.102676417370478,0.0002511576380184,0.033530411355792,-1.9479868599803623,down,False,-1.2192667762618983,down,False,-0.14848638883261364,down,False,-3.1271030724412383,down,False,-0.7304018033011598,down,False,-0.35602584589851194,down,False
REAC:RUNX1 regulates transcription of genes involved in differentiation of keratinocytes,down,-4.071061819300833,0.0002748704213981,0.0346776523635913,0.2978688145029105,up,False,-1.6699506266905353,down,True,0.9362199398471879,up,False,1.9159451899691538,up,False,2.4058235752676733,up,False,2.5823458855127033,up,False
REAC:IRE1alpha activates chaperones,up,4.077479097134138,0.0002698861338921,0.0346776523635913,-0.10656289495314539,down,False,-2.8457917953583824,down,False,-0.605022754396685,down,False,-1.169341735214501,down,False,-1.0588215650886175,down,False,-0.28932695556126725,down,False
REAC:Cellular response to heat stress,up,4.056527668435234,0.0002864946997524,0.0354354620791799,-0.9782267797155328,down,False,-0.1516526606198413,down,False,-3.1952769070134845,down,False,-2.2859248712860505,down,False,2.7049226306812897,up,True,3.5004609156203967,up,True
GOBP:regulation of establishment of protein localization to telomere (GO:0070203),up,4.032028201862492,0.0003071874905177,0.0358840498182581,-1.7760916573750642,down,False,-1.949022364607819,down,False,0.7537167617633275,up,True,-3.3943105384976118,down,False,0.2490697133722823,up,True,-0.2441227472013736,down,False
REAC:XBP1(S) activates chaperone genes,up,4.032877807887418,0.0003064460118099,0.0358840498182581,0.07335467066687154,up,True,-2.838223615581909,down,False,-0.594166021953202,down,False,-1.1393838488334078,down,False,-1.0231098603122306,down,False,-0.2625578471660831,down,False
REAC:RHOB GTPase cycle,down,-4.04372046983918,0.0002971356890414,0.0358840498182581,5.610451887811334,up,False,-1.127291592708001,down,True,-0.7819427008843514,down,True,0.9777371352588168,up,False,1.7012986771662693,up,False,1.1828666269485044,up,False
REAC:Coenzyme A biosynthesis,down,-4.009765912048846,0.0003272543465902,0.0375330985143878,0.18589456203973828,up,False,-0.19861941903840144,down,True,-0.44732259914433586,down,True,0.1874956789539475,up,False,-0.23549498349822914,down,True,0.1009105376556288,up,False
GOBP:positive regulation of nucleocytoplasmic transport (GO:0046824),up,4.00056366716827,0.0003359186237014,0.037838833541225,-1.2236023901126205,down,False,0.4898436432278623,up,True,-2.510965917683199,down,False,-1.969662496498132,down,False,1.577850280756937,up,True,2.7149069862004214,up,True
REAC:Initiation of Nuclear Envelope (NE) Reformation,up,3.966893155849307,0.0003695741235585,0.0408995363404793,0.09594619878928948,up,True,-2.625748242042304,down,False,0.1539738675306289,up,True,0.5228711128196454,up,True,-0.35353525131071406,down,False,-0.3351727252895861,down,False
REAC:The role of Nef in HIV-1 replication and disease pathogenesis,up,3.958248368721861,0.0003787334008572,0.0411905222863393,-0.5458014269583735,down,False,0.14593481800504537,up,True,-0.7749350828965149,down,False,1.4275871268668388,up,True,-0.03388478196279997,down,False,0.5097598293143036,up,True
GOBP:positive regulation of telomerase activity (GO:0051973),up,3.9219882058736486,0.0004196264445958,0.0448644680086591,-0.5793470945651659,down,False,0.021667442387982187,up,True,-0.436064667837364,down,False,-0.8657139276628179,down,False,-0.7931588589212114,down,False,-0.3419246160251077,down,False
REAC:mRNA Splicing - Minor Pathway,down,-3.901632157068451,0.0004444400189522,0.045729738881509,-1.9834283303632567,down,True,-0.8262454955742264,down,True,-0.6599905412221725,down,True,-1.7198373366199096,down,True,-1.2026226086181488,down,True,-0.2319273535305678,down,True
REAC:Packaging Of Telomere Ends,up,3.897642847251394,0.0004494679471549,0.045729738881509,-0.9173588388487349,down,False,0.613999096315161,up,True,2.9401578527535,up,True,2.1415533313156176,up,True,0.8698590843244159,up,True,-1.5195305143313045,down,False
GOBP:regulation of G1/S transition of mitotic cell cycle (GO:2000045),down,-3.900642601641765,0.0004456820651931,0.045729738881509,0.23074396332048586,up,False,-0.004119621416976226,down,True,0.2790564710850195,up,False,-1.484942523965059,down,True,-0.38123712796740455,down,True,-0.45692572119575947,down,True
GOBP:chondroitin sulfate biosynthetic process (GO:0030206),down,-3.886335848648279,0.0004640220552299,0.0457351738186012,3.0624986563521666,up,False,0.5798941460865495,up,False,2.6346069465563344,up,False,1.4788746574911757,up,False,1.026541789616392,up,False,-0.9366694919500019,down,True
GOBP:exonucleolytic catabolism of deadenylated mRNA (GO:0043928),down,-3.888329728977391,0.0004614226268529,0.0457351738186012,-2.4054739867892465,down,True,-1.8387830488305605,down,True,-0.7926882927356158,down,True,-3.3934980523078764,down,True,-1.0408007656540776,down,True,-0.2647681415896954,down,True
GOBP:regulation of protein localization to Cajal body (GO:1904869),up,3.862271883767355,0.0004965424850674,0.0460616175853787,-1.4746055238084188,down,False,-1.900925759919945,down,False,0.49711933867797153,up,True,-2.9985397431751974,down,False,0.46922015477554424,up,True,0.10269234149144872,up,True
REAC:Nuclear Envelope (NE) Reassembly,up,3.875440854609504,0.0004784800205684,0.0460616175853787,-0.7838895417803953,down,False,-0.8003765490330713,down,False,1.6143540241945677,up,True,1.1794995878182692,up,True,-1.0766052670643054,down,False,-1.4336507017308395,down,False
GOBP:positive regulation of protein localization to Cajal body (GO:1904871),up,3.862271883767355,0.0004965424850674,0.0460616175853787,-1.4746055238084188,down,False,-1.900925759919945,down,False,0.49711933867797153,up,True,-2.9985397431751974,down,False,0.46922015477554424,up,True,0.10269234149144872,up,True
KEGG:Basal transcription factors,up,3.8698604249344672,0.000486054530111,0.0460616175853787,-2.192263041908517,down,False,0.26310149069192285,up,True,-0.8211353499904831,down,False,-1.381543638846946,down,False,-0.5320927567925059,down,False,0.024287314941478063,up,True
REAC:Loss of MECP2 binding ability to the NCoR/SMRT complex,up,3.838554306738219,0.0005307633910853,0.0485225430574808,0.31591847199613526,up,True,0.20645952640476048,up,True,-0.07414895794207553,down,False,0.21902674774899264,up,True,-2.163501494390952,down,False,-1.5174471914384355,down,False
GOBP:RNA polymerase II preinitiation complex assembly (GO:0051123),up,3.825477468971152,0.0005506025537732,0.0496171558457355,-0.46256892402964944,down,False,1.2037597593187588,up,True,-0.3975943115747468,down,False,0.004455803671946854,up,True,-0.5682873032631024,down,False,-0.09261484752291949,down,False
