metric,class_id,class_label,model,time_bin,value,n
score_mean,0,HOME,notpr,,0.8440236449241638,468
score_final_mean,0,HOME,notpr,,0.6243801116943359,468
violation_rate_any,0,HOME,notpr,,1.0,468
drift_mean,0,HOME,notpr,,0.7915260741471225,468
score_mean,0,HOME,tpr,,0.7888399362564087,468
score_final_mean,0,HOME,tpr,,0.6634795069694519,468
violation_rate_any,0,HOME,tpr,,1.0,468
drift_mean,0,HOME,tpr,,0.2807351718218917,468
trajectory_mean,0,HOME,notpr,0.025,1.2887263298034668,1490
trajectory_mean,0,HOME,tpr,0.025,0.9016953706741333,1490
trajectory_mean,0,HOME,notpr,0.075,1.2107861042022705,1143
trajectory_mean,0,HOME,tpr,0.075,0.9263144135475159,1143
trajectory_mean,0,HOME,notpr,0.125,1.1186542510986328,1168
trajectory_mean,0,HOME,tpr,0.125,0.916596531867981,1168
trajectory_mean,0,HOME,notpr,0.175,1.0249956846237183,1136
trajectory_mean,0,HOME,tpr,0.175,0.8940702080726624,1136
trajectory_mean,0,HOME,notpr,0.225,0.9621188044548035,1128
trajectory_mean,0,HOME,tpr,0.225,0.8703379034996033,1128
trajectory_mean,0,HOME,notpr,0.275,0.9016700387001038,1187
trajectory_mean,0,HOME,tpr,0.275,0.8427022695541382,1187
trajectory_mean,0,HOME,notpr,0.325,0.8515366911888123,1362
trajectory_mean,0,HOME,tpr,0.325,0.8236830830574036,1362
trajectory_mean,0,HOME,notpr,0.375,0.8248841762542725,1143
trajectory_mean,0,HOME,tpr,0.375,0.801719069480896,1143
trajectory_mean,0,HOME,notpr,0.425,0.7977230548858643,1153
trajectory_mean,0,HOME,tpr,0.425,0.7867971658706665,1153
trajectory_mean,0,HOME,notpr,0.475,0.7749171853065491,1087
trajectory_mean,0,HOME,tpr,0.475,0.7760526537895203,1087
trajectory_mean,0,HOME,notpr,0.525,0.7534162402153015,1213
trajectory_mean,0,HOME,tpr,0.525,0.7565451264381409,1213
trajectory_mean,0,HOME,notpr,0.575,0.7401005625724792,1166
trajectory_mean,0,HOME,tpr,0.575,0.7505078315734863,1166
trajectory_mean,0,HOME,notpr,0.625,0.7271401286125183,1135
trajectory_mean,0,HOME,tpr,0.625,0.7403947114944458,1135
trajectory_mean,0,HOME,notpr,0.675,0.745406448841095,1377
trajectory_mean,0,HOME,tpr,0.675,0.7489648461341858,1377
trajectory_mean,0,HOME,notpr,0.725,0.7211180925369263,1117
trajectory_mean,0,HOME,tpr,0.725,0.7275488972663879,1117
trajectory_mean,0,HOME,notpr,0.775,0.7110779881477356,1164
trajectory_mean,0,HOME,tpr,0.775,0.7220227122306824,1164
trajectory_mean,0,HOME,notpr,0.825,0.696368396282196,1160
trajectory_mean,0,HOME,tpr,0.825,0.7170712947845459,1160
trajectory_mean,0,HOME,notpr,0.875,0.6768637895584106,1141
trajectory_mean,0,HOME,tpr,0.875,0.7019869685173035,1141
trajectory_mean,0,HOME,notpr,0.925,0.6614483594894409,1165
trajectory_mean,0,HOME,tpr,0.925,0.6945651173591614,1165
trajectory_mean,0,HOME,notpr,0.975,0.6413671970367432,1497
trajectory_mean,0,HOME,tpr,0.975,0.6795185804367065,1497
score_mean,1,HOME CARE,notpr,,1.0665496587753296,365
score_final_mean,1,HOME CARE,notpr,,0.904257595539093,365
violation_rate_any,1,HOME CARE,notpr,,1.0,365
drift_mean,1,HOME CARE,notpr,,0.7079486094109,365
score_mean,1,HOME CARE,tpr,,0.9753991961479187,365
score_final_mean,1,HOME CARE,tpr,,0.8656527400016785,365
violation_rate_any,1,HOME CARE,tpr,,1.0,365
drift_mean,1,HOME CARE,tpr,,0.32417390599642715,365
trajectory_mean,1,HOME CARE,notpr,0.025,1.3563075065612793,1237
trajectory_mean,1,HOME CARE,tpr,0.025,1.0128387212753296,1237
trajectory_mean,1,HOME CARE,notpr,0.075,1.3075979948043823,955
trajectory_mean,1,HOME CARE,tpr,0.075,1.0548551082611084,955
trajectory_mean,1,HOME CARE,notpr,0.125,1.253641128540039,956
trajectory_mean,1,HOME CARE,tpr,0.125,1.0624829530715942,956
trajectory_mean,1,HOME CARE,notpr,0.175,1.1950913667678833,955
trajectory_mean,1,HOME CARE,tpr,0.175,1.0485235452651978,955
trajectory_mean,1,HOME CARE,notpr,0.225,1.1621371507644653,941
trajectory_mean,1,HOME CARE,tpr,0.225,1.0479764938354492,941
trajectory_mean,1,HOME CARE,notpr,0.275,1.128265380859375,971
trajectory_mean,1,HOME CARE,tpr,0.275,1.0365194082260132,971
trajectory_mean,1,HOME CARE,notpr,0.325,1.1044845581054688,1171
trajectory_mean,1,HOME CARE,tpr,0.325,1.0266227722167969,1171
trajectory_mean,1,HOME CARE,notpr,0.375,1.0675225257873535,952
trajectory_mean,1,HOME CARE,tpr,0.375,1.0102747678756714,952
trajectory_mean,1,HOME CARE,notpr,0.425,1.0544488430023193,952
trajectory_mean,1,HOME CARE,tpr,0.425,1.003622055053711,952
trajectory_mean,1,HOME CARE,notpr,0.475,1.0507675409317017,925
trajectory_mean,1,HOME CARE,tpr,0.475,0.9962936639785767,925
trajectory_mean,1,HOME CARE,notpr,0.525,1.0315883159637451,981
trajectory_mean,1,HOME CARE,tpr,0.525,0.9803924560546875,981
trajectory_mean,1,HOME CARE,notpr,0.575,1.0009403228759766,961
trajectory_mean,1,HOME CARE,tpr,0.575,0.9578806757926941,961
trajectory_mean,1,HOME CARE,notpr,0.625,0.9870246052742004,944
trajectory_mean,1,HOME CARE,tpr,0.625,0.9502929449081421,944
trajectory_mean,1,HOME CARE,notpr,0.675,0.9930800199508667,1174
trajectory_mean,1,HOME CARE,tpr,0.675,0.9444881677627563,1174
trajectory_mean,1,HOME CARE,notpr,0.725,0.9784685969352722,944
trajectory_mean,1,HOME CARE,tpr,0.725,0.9320443272590637,944
trajectory_mean,1,HOME CARE,notpr,0.775,0.972612202167511,964
trajectory_mean,1,HOME CARE,tpr,0.775,0.9210461378097534,964
trajectory_mean,1,HOME CARE,notpr,0.825,0.9361267685890198,957
trajectory_mean,1,HOME CARE,tpr,0.825,0.9014573693275452,957
trajectory_mean,1,HOME CARE,notpr,0.875,0.9147710204124451,949
trajectory_mean,1,HOME CARE,tpr,0.875,0.887975811958313,949
trajectory_mean,1,HOME CARE,notpr,0.925,0.9038099646568298,961
trajectory_mean,1,HOME CARE,tpr,0.925,0.8773843050003052,961
trajectory_mean,1,HOME CARE,notpr,0.975,0.9041262269020081,1242
trajectory_mean,1,HOME CARE,tpr,0.975,0.8714290261268616,1242
score_mean,2,REHAB,notpr,,1.4056830406188965,833
score_final_mean,2,REHAB,notpr,,1.302053689956665,833
violation_rate_any,2,REHAB,notpr,,1.0,833
drift_mean,2,REHAB,notpr,,0.6531443653129587,833
score_mean,2,REHAB,tpr,,1.226143479347229,833
score_final_mean,2,REHAB,tpr,,1.1599942445755005,833
violation_rate_any,2,REHAB,tpr,,0.9987995198079231,833
drift_mean,2,REHAB,tpr,,0.32977054159895997,833
trajectory_mean,2,REHAB,notpr,0.025,1.5171239376068115,3052
trajectory_mean,2,REHAB,tpr,0.025,1.1811904907226562,3052
trajectory_mean,2,REHAB,notpr,0.075,1.5139720439910889,2306
trajectory_mean,2,REHAB,tpr,0.075,1.2401248216629028,2306
trajectory_mean,2,REHAB,notpr,0.125,1.485300064086914,2323
trajectory_mean,2,REHAB,tpr,0.125,1.2527061700820923,2323
trajectory_mean,2,REHAB,notpr,0.175,1.4714479446411133,2313
trajectory_mean,2,REHAB,tpr,0.175,1.2626502513885498,2313
trajectory_mean,2,REHAB,notpr,0.225,1.4587821960449219,2304
trajectory_mean,2,REHAB,tpr,0.225,1.269032597541809,2304
trajectory_mean,2,REHAB,notpr,0.275,1.4421682357788086,2346
trajectory_mean,2,REHAB,tpr,0.275,1.265881896018982,2346
trajectory_mean,2,REHAB,notpr,0.325,1.4334741830825806,2940
trajectory_mean,2,REHAB,tpr,0.325,1.2655248641967773,2940
trajectory_mean,2,REHAB,notpr,0.375,1.409869909286499,2303
trajectory_mean,2,REHAB,tpr,0.375,1.2525047063827515,2303
trajectory_mean,2,REHAB,notpr,0.425,1.4062974452972412,2324
trajectory_mean,2,REHAB,tpr,0.425,1.2477035522460938,2324
trajectory_mean,2,REHAB,notpr,0.475,1.3973685503005981,2282
trajectory_mean,2,REHAB,tpr,0.475,1.2405638694763184,2282
trajectory_mean,2,REHAB,notpr,0.525,1.3797645568847656,2365
trajectory_mean,2,REHAB,tpr,0.525,1.2313852310180664,2365
trajectory_mean,2,REHAB,notpr,0.575,1.3713901042938232,2333
trajectory_mean,2,REHAB,tpr,0.575,1.222993016242981,2333
trajectory_mean,2,REHAB,notpr,0.625,1.3752979040145874,2296
trajectory_mean,2,REHAB,tpr,0.625,1.2234740257263184,2296
trajectory_mean,2,REHAB,notpr,0.675,1.371485710144043,2943
trajectory_mean,2,REHAB,tpr,0.675,1.2186501026153564,2943
trajectory_mean,2,REHAB,notpr,0.725,1.3619767427444458,2307
trajectory_mean,2,REHAB,tpr,0.725,1.2103943824768066,2307
trajectory_mean,2,REHAB,notpr,0.775,1.3617966175079346,2320
trajectory_mean,2,REHAB,tpr,0.775,1.2070657014846802,2320
trajectory_mean,2,REHAB,notpr,0.825,1.3491146564483643,2335
trajectory_mean,2,REHAB,tpr,0.825,1.1984657049179077,2335
trajectory_mean,2,REHAB,notpr,0.875,1.3449574708938599,2305
trajectory_mean,2,REHAB,tpr,0.875,1.1953712701797485,2305
trajectory_mean,2,REHAB,notpr,0.925,1.3361711502075195,2322
trajectory_mean,2,REHAB,tpr,0.925,1.1849088668823242,2322
trajectory_mean,2,REHAB,notpr,0.975,1.3204237222671509,3059
trajectory_mean,2,REHAB,tpr,0.975,1.17458975315094,3059
score_mean,3,SNF,notpr,,1.5022332668304443,394
score_final_mean,3,SNF,notpr,,1.4824317693710327,394
violation_rate_any,3,SNF,notpr,,1.0,394
drift_mean,3,SNF,notpr,,0.646805957791769,394
score_mean,3,SNF,tpr,,1.3654812574386597,394
score_final_mean,3,SNF,tpr,,1.3269089460372925,394
violation_rate_any,3,SNF,tpr,,1.0,394
drift_mean,3,SNF,tpr,,0.33056325673451886,394
trajectory_mean,3,SNF,notpr,0.025,1.4893367290496826,1386
trajectory_mean,3,SNF,tpr,0.025,1.2910497188568115,1386
trajectory_mean,3,SNF,notpr,0.075,1.5088143348693848,1051
trajectory_mean,3,SNF,tpr,0.075,1.3441160917282104,1051
trajectory_mean,3,SNF,notpr,0.125,1.5094977617263794,1059
trajectory_mean,3,SNF,tpr,0.125,1.3586512804031372,1059
trajectory_mean,3,SNF,notpr,0.175,1.5160406827926636,1050
trajectory_mean,3,SNF,tpr,0.175,1.3704352378845215,1050
trajectory_mean,3,SNF,notpr,0.225,1.494254231452942,1034
trajectory_mean,3,SNF,tpr,0.225,1.367763638496399,1034
trajectory_mean,3,SNF,notpr,0.275,1.510775089263916,1070
trajectory_mean,3,SNF,tpr,0.275,1.377891182899475,1070
trajectory_mean,3,SNF,notpr,0.325,1.5192372798919678,1333
trajectory_mean,3,SNF,tpr,0.325,1.3938815593719482,1333
trajectory_mean,3,SNF,notpr,0.375,1.507931113243103,1056
trajectory_mean,3,SNF,tpr,0.375,1.3888037204742432,1056
trajectory_mean,3,SNF,notpr,0.425,1.5065373182296753,1048
trajectory_mean,3,SNF,tpr,0.425,1.3873621225357056,1048
trajectory_mean,3,SNF,notpr,0.475,1.5139635801315308,1029
trajectory_mean,3,SNF,tpr,0.475,1.3891910314559937,1029
trajectory_mean,3,SNF,notpr,0.525,1.501004934310913,1083
trajectory_mean,3,SNF,tpr,0.525,1.3767578601837158,1083
trajectory_mean,3,SNF,notpr,0.575,1.4936370849609375,1057
trajectory_mean,3,SNF,tpr,0.575,1.3763846158981323,1057
trajectory_mean,3,SNF,notpr,0.625,1.4909437894821167,1048
trajectory_mean,3,SNF,tpr,0.625,1.3719319105148315,1048
trajectory_mean,3,SNF,notpr,0.675,1.498465895652771,1334
trajectory_mean,3,SNF,tpr,0.675,1.3745911121368408,1334
trajectory_mean,3,SNF,notpr,0.725,1.4925758838653564,1036
trajectory_mean,3,SNF,tpr,0.725,1.3697710037231445,1036
trajectory_mean,3,SNF,notpr,0.775,1.4972922801971436,1065
trajectory_mean,3,SNF,tpr,0.775,1.3671660423278809,1065
trajectory_mean,3,SNF,notpr,0.825,1.5047802925109863,1053
trajectory_mean,3,SNF,tpr,0.825,1.367732048034668,1053
trajectory_mean,3,SNF,notpr,0.875,1.4977505207061768,1054
trajectory_mean,3,SNF,tpr,0.875,1.3593591451644897,1054
trajectory_mean,3,SNF,notpr,0.925,1.4920053482055664,1055
trajectory_mean,3,SNF,tpr,0.925,1.3497954607009888,1055
trajectory_mean,3,SNF,notpr,0.975,1.5007869005203247,1393
trajectory_mean,3,SNF,tpr,0.975,1.3467718362808228,1393
score_mean,4,HOSPICE,notpr,,1.4505608081817627,329
score_final_mean,4,HOSPICE,notpr,,1.4135993719100952,329
violation_rate_any,4,HOSPICE,notpr,,1.0,329
drift_mean,4,HOSPICE,notpr,,0.6101584131956825,329
score_mean,4,HOSPICE,tpr,,1.4408373832702637,329
score_final_mean,4,HOSPICE,tpr,,1.4081276655197144,329
violation_rate_any,4,HOSPICE,tpr,,1.0,329
drift_mean,4,HOSPICE,tpr,,0.3021325644751088,329
trajectory_mean,4,HOSPICE,notpr,0.025,1.4639406204223633,1226
trajectory_mean,4,HOSPICE,tpr,0.025,1.3984053134918213,1226
trajectory_mean,4,HOSPICE,notpr,0.075,1.4431231021881104,927
trajectory_mean,4,HOSPICE,tpr,0.075,1.4117838144302368,927
trajectory_mean,4,HOSPICE,notpr,0.125,1.4528019428253174,929
trajectory_mean,4,HOSPICE,tpr,0.125,1.4262981414794922,929
trajectory_mean,4,HOSPICE,notpr,0.175,1.4675493240356445,925
trajectory_mean,4,HOSPICE,tpr,0.175,1.4483036994934082,925
trajectory_mean,4,HOSPICE,notpr,0.225,1.4756951332092285,928
trajectory_mean,4,HOSPICE,tpr,0.225,1.4628406763076782,928
trajectory_mean,4,HOSPICE,notpr,0.275,1.4629660844802856,929
trajectory_mean,4,HOSPICE,tpr,0.275,1.4573978185653687,929
trajectory_mean,4,HOSPICE,notpr,0.325,1.4514034986495972,1205
trajectory_mean,4,HOSPICE,tpr,0.325,1.4550108909606934,1205
trajectory_mean,4,HOSPICE,notpr,0.375,1.4553476572036743,927
trajectory_mean,4,HOSPICE,tpr,0.375,1.4562017917633057,927
trajectory_mean,4,HOSPICE,notpr,0.425,1.4638279676437378,925
trajectory_mean,4,HOSPICE,tpr,0.425,1.4621790647506714,925
trajectory_mean,4,HOSPICE,notpr,0.475,1.4698264598846436,919
trajectory_mean,4,HOSPICE,tpr,0.475,1.4699597358703613,919
trajectory_mean,4,HOSPICE,notpr,0.525,1.4709267616271973,936
trajectory_mean,4,HOSPICE,tpr,0.525,1.4656776189804077,936
trajectory_mean,4,HOSPICE,notpr,0.575,1.4646761417388916,929
trajectory_mean,4,HOSPICE,tpr,0.575,1.4652796983718872,929
trajectory_mean,4,HOSPICE,notpr,0.625,1.4724252223968506,925
trajectory_mean,4,HOSPICE,tpr,0.625,1.4622323513031006,925
trajectory_mean,4,HOSPICE,notpr,0.675,1.4571293592453003,1208
trajectory_mean,4,HOSPICE,tpr,0.675,1.4529197216033936,1208
trajectory_mean,4,HOSPICE,notpr,0.725,1.4477187395095825,917
trajectory_mean,4,HOSPICE,tpr,0.725,1.4396218061447144,917
trajectory_mean,4,HOSPICE,notpr,0.775,1.4346998929977417,933
trajectory_mean,4,HOSPICE,tpr,0.775,1.433409571647644,933
trajectory_mean,4,HOSPICE,notpr,0.825,1.418975830078125,931
trajectory_mean,4,HOSPICE,tpr,0.825,1.4255192279815674,931
trajectory_mean,4,HOSPICE,notpr,0.875,1.4165034294128418,923
trajectory_mean,4,HOSPICE,tpr,0.875,1.417754888534546,923
trajectory_mean,4,HOSPICE,notpr,0.925,1.4153594970703125,931
trajectory_mean,4,HOSPICE,tpr,0.925,1.4137247800827026,931
trajectory_mean,4,HOSPICE,notpr,0.975,1.41230309009552,1226
trajectory_mean,4,HOSPICE,tpr,0.975,1.408564805984497,1226
score_mean,5,DIED,notpr,,1.3716367483139038,486
score_final_mean,5,DIED,notpr,,2.0566020011901855,486
violation_rate_any,5,DIED,notpr,,0.9979423868312757,486
drift_mean,5,DIED,notpr,,1.0078001316682792,486
score_mean,5,DIED,tpr,,1.4997104406356812,486
score_final_mean,5,DIED,tpr,,1.7007062435150146,486
violation_rate_any,5,DIED,tpr,,0.9979423868312757,486
drift_mean,5,DIED,tpr,,0.3474450757719362,486
trajectory_mean,5,DIED,notpr,0.025,1.5076934099197388,1800
trajectory_mean,5,DIED,tpr,0.025,1.5302705764770508,1800
trajectory_mean,5,DIED,notpr,0.075,1.3803486824035645,1348
trajectory_mean,5,DIED,tpr,0.075,1.500315546989441,1348
trajectory_mean,5,DIED,notpr,0.125,1.3754923343658447,1366
trajectory_mean,5,DIED,tpr,0.125,1.492374062538147,1366
trajectory_mean,5,DIED,notpr,0.175,1.3633662462234497,1341
trajectory_mean,5,DIED,tpr,0.175,1.4896153211593628,1341
trajectory_mean,5,DIED,notpr,0.225,1.351187825202942,1354
trajectory_mean,5,DIED,tpr,0.225,1.4872817993164062,1354
trajectory_mean,5,DIED,notpr,0.275,1.3176755905151367,1369
trajectory_mean,5,DIED,tpr,0.275,1.4782336950302124,1369
trajectory_mean,5,DIED,notpr,0.325,1.307381272315979,1753
trajectory_mean,5,DIED,tpr,0.325,1.4746112823486328,1753
trajectory_mean,5,DIED,notpr,0.375,1.2953615188598633,1342
trajectory_mean,5,DIED,tpr,0.375,1.4757258892059326,1342
trajectory_mean,5,DIED,notpr,0.425,1.3010975122451782,1367
trajectory_mean,5,DIED,tpr,0.425,1.4744081497192383,1367
trajectory_mean,5,DIED,notpr,0.475,1.3063520193099976,1333
trajectory_mean,5,DIED,tpr,0.475,1.4761210680007935,1333
trajectory_mean,5,DIED,notpr,0.525,1.2880258560180664,1371
trajectory_mean,5,DIED,tpr,0.525,1.4733325242996216,1371
trajectory_mean,5,DIED,notpr,0.575,1.2925618886947632,1370
trajectory_mean,5,DIED,tpr,0.575,1.4781630039215088,1370
trajectory_mean,5,DIED,notpr,0.625,1.2881324291229248,1343
trajectory_mean,5,DIED,tpr,0.625,1.4773317575454712,1343
trajectory_mean,5,DIED,notpr,0.675,1.2905116081237793,1759
trajectory_mean,5,DIED,tpr,0.675,1.482067346572876,1759
trajectory_mean,5,DIED,notpr,0.725,1.3073573112487793,1337
trajectory_mean,5,DIED,tpr,0.725,1.4887162446975708,1337
trajectory_mean,5,DIED,notpr,0.775,1.3118277788162231,1366
trajectory_mean,5,DIED,tpr,0.775,1.4890971183776855,1366
trajectory_mean,5,DIED,notpr,0.825,1.3485983610153198,1359
trajectory_mean,5,DIED,tpr,0.825,1.5000051259994507,1359
trajectory_mean,5,DIED,notpr,0.875,1.4094781875610352,1353
trajectory_mean,5,DIED,tpr,0.875,1.5178812742233276,1353
trajectory_mean,5,DIED,notpr,0.925,1.4766987562179565,1357
trajectory_mean,5,DIED,tpr,0.925,1.5434956550598145,1357
trajectory_mean,5,DIED,notpr,0.975,1.7781779766082764,1801
trajectory_mean,5,DIED,tpr,0.975,1.6261669397354126,1801
violation_rate_any,ALL,ALL,notpr,,0.9996521739130435,2875
violation_rate_any,ALL,ALL,tpr,,0.9993043478260869,2875
negative_delta_frac,ALL,ALL,notpr,,0.5329168966993157,161209
negative_delta_frac,ALL,ALL,tpr,,0.5302743643344975,161209
drift_mean,ALL,ALL,notpr,,0.7367927759108336,2875
drift_mean,ALL,ALL,tpr,,0.32101156206752945,2875
net_change_mean,ALL,ALL,notpr,,-0.13124833190959434,2875
net_change_mean,ALL,ALL,tpr,,0.0206932097621586,2875
delta_mean,ALL,ALL,notpr,,-0.0023406818509101868,161209
delta_mean,ALL,ALL,tpr,,0.0003690424782689661,161209
paired_drift_diff,ALL,ALL,tpr-minus-notpr,,-0.4157812138433042,2875
paired_net_diff,ALL,ALL,tpr-minus-notpr,,0.15194154167175292,2875
paired_drift_wilcoxon_p,ALL,ALL,paired,,0.0,2875
paired_net_wilcoxon_p,ALL,ALL,paired,,8.026460631224052e-57,2875
mono_violation_mag,ALL,ALL,notpr,,0.046686869114637375,161209
mono_violation_mag,ALL,ALL,tpr,,0.016994882375001907,161209
abs_delta_mean,ALL,ALL,notpr,,0.09103306382894516,161209
abs_delta_mean,ALL,ALL,tpr,,0.034358806908130646,161209
